,mean,p
0,0.22257602540638904,0.356128774245151
1,0.13826997963766335,0.6566686662667467
2,0.17498232159589552,0.4487102579484103
3,-0.14828239179803474,0.562887422515497
4,-0.16977899254267062,0.499500099980004
5,-0.059568123823605115,0.772245550889822
6,0.2688872481465951,0.2871425714857029
7,-0.24502427470911353,0.33613277344531095
8,-0.10615641274962317,0.5750849830033993
9,-0.015867035034380673,0.9498100379924015
10,-0.026719953281153962,0.8980203959208158
11,-0.03588568761585141,0.8824235152969406
12,-0.3521541264122427,0.06758648270345931
13,-0.4790843856224777,0.005198960207958408
14,-0.16780526943147045,0.4953009398120376
15,-0.308835232012832,0.21535692861427713
16,-0.13795445463540928,0.6436712657468506
17,-0.2086188494711195,0.2997400519896021
18,-0.18253476304499067,0.39112177564487105
19,-0.3282545831526468,0.20615876824635074
20,0.2601821294120522,0.266746650669866
21,-0.49849933258459345,0.09818036392721456
22,-0.08724901901820876,0.7420515896820636
23,-0.027071611820945817,0.876624675064987
24,-0.435248290784933,0.0615876824635073
25,-0.21447661570471382,0.34333133373325336
26,0.19788710110298932,0.47950409918016396
27,-0.061877101193945815,0.7666466706658668
28,-0.5081044376778066,0.041391721655668866
29,-0.14696911393390732,0.5624875024995001
30,-0.11853388573267705,0.5826834633073386
31,0.3431140455901695,0.057788442311537694
32,-0.28281026268555143,0.2573485302939412
33,-0.02446254388565901,0.9132173565286943
34,-0.1302072453226845,0.6270745850829834
35,-0.22365151515627518,0.39852029594081184
36,0.04111834828947179,0.877624475104979
37,0.36843167438321683,0.16016796640671865
38,0.1490571998825863,0.6048790241951609
39,-0.29847518945993695,0.19916016796640673
40,-0.19338062600727376,0.3879224155168966
41,-0.28054458805034427,0.32793441311737653
42,0.1265042148084152,0.6720655868826235
43,-0.4888854893297414,0.04239152169566087
44,-0.32192298365664707,0.24235152969406118
45,0.04093875981759241,0.8744251149770046
46,-0.16043365171987162,0.556488702259548
47,-0.42848377004631455,0.08518296340731854
48,0.17737669323342553,0.3843231353729254
49,-0.03320990135644279,0.8254349130173965
50,-0.18576089475095614,0.46030793841231754
51,-0.179580973993052,0.47230553889222154
52,-0.8028641440082327,0.017996400719856028
53,-0.2637536133362672,0.34553089382123575
54,-0.08534428295963117,0.6374725054989002
55,0.27506919852445655,0.22675464907018597
56,0.2952012281679436,0.33933213357328534
57,-0.07769711218685056,0.6608678264347131
58,-0.3271683279715907,0.2563487302539492
59,-0.4548523321692599,0.0635872825434913
60,-0.2960552974484002,0.20835832833433313
61,-0.08547146263748431,0.7838432313537292
62,0.17447706661799067,0.5430913817236552
63,-0.1127835674728748,0.6132773445310937
64,0.13186040658745887,0.523495300939812
65,-0.45995585528305966,0.055188962207558485
66,-0.20651982688861822,0.39892021595680865
67,-0.3560584306473472,0.15136972605478904
68,-0.291715736735849,0.1295740851829634
69,-0.1173174278375905,0.6684663067386523
70,-0.16628102747058454,0.5614877024595081
71,-0.02758160403720521,0.9168166366726654
72,-0.20342225995243482,0.39492101579684064
73,-0.2716146649214465,0.3235352929414117
74,-0.36066303987255377,0.17976404719056188
75,-0.6065621119019274,0.03759248150369926
76,-0.09149387087107305,0.7246550689862028
77,-0.193512238247136,0.4211157768446311
78,-0.18959228263568817,0.4611077784443111
79,-0.35037349107525273,0.21495700859828035
80,0.04445068673734197,0.8014397120575885
81,-0.02908475580886552,0.9278144371125775
82,0.03862677559963404,0.8504299140171966
83,0.027524205123027813,0.9010197960407919
84,0.07698722110884178,0.7784443111377725
85,-0.044556844312845054,0.8874225154969007
86,-0.3092659347883922,0.21695660867826436
87,-0.3082780757292077,0.13377324535092983
88,-0.36145489975462725,0.17076584683063387
89,-0.15806060708783215,0.4913017396520696
90,0.14084402386195527,0.589882023595281
91,-0.17079474438414835,0.5114977004599081
92,-0.06568252010776429,0.8314337132573485
93,-0.20447632757566442,0.3709258148370326
94,-0.11378413483156533,0.6680663867226555
95,-0.044304847219940144,0.8660267946410718
96,-0.046819431970388035,0.7946410717856429
97,-0.17632333366344483,0.5390921815636872
98,-0.3702157691086025,0.09018196360727855
99,-0.4755347607300898,0.08338332333533294
100,-0.677160558119597,0.020795840831833633
101,-0.359217453788799,0.1205758848230354
102,-0.27832461436866435,0.32473505298940214
103,-0.5756778847074029,0.020195960807838434
104,-0.3074818266072657,0.2585482903419316
105,0.3360175332190892,0.236752649470106
106,-0.01794288250256777,0.9432113577284543
107,-0.05462368467481665,0.8214357128574286
108,-0.30448686643964123,0.2953409318136373
109,0.46423262181688685,0.08698260347930414
110,0.21381759370781891,0.35632873425314937
111,0.019381160469133834,0.9416116776644671
112,-0.3588866923587437,0.1985602879424115
113,-0.022809502602275156,0.9142171565686863
114,-0.2825506786523261,0.1899620075984803
115,0.21573524077033523,0.41091781643671266
116,0.15766260086707748,0.5168966206758648
117,-0.4448921636216535,0.01999600079984003
118,-0.07321516774880896,0.7428514297140572
119,-0.26284634090462233,0.23335332933413316
120,-0.2616368870110352,0.20135972805438912
121,-0.09116290727161148,0.7550489902019596
122,-0.31884620878488734,0.20875824835032994
123,-0.06907418039957529,0.7970405918816237
124,-0.018333741897786183,0.9390121975604879
125,-0.3289824234039839,0.17776444711057787
126,0.13145246958570075,0.5452909418116376
127,-0.04970094540099048,0.8406318736252749
128,-0.041467577788130726,0.8660267946410718
129,-0.1779822131475683,0.4997000599880024
130,0.09486073489052721,0.7488502299540092
131,0.19232791766857957,0.4417116576684663
132,-0.1559014256357904,0.6036792641471705
133,-0.2602246046854598,0.28634273145370925
134,0.10968501168836287,0.6280743851229754
135,0.0677531019255763,0.8208358328334333
136,-0.5136795870111005,0.044191161767646474
137,0.0716431414931683,0.730253949210158
138,-0.01622768696615058,0.9354129174165167
139,-0.15798836102492328,0.3755248950209958
140,-0.24036086908719004,0.1839632073585283
141,-0.15663572982651897,0.5492901419716056
142,-0.3679914259937953,0.06598680263947211
143,-0.031175707324821573,0.8958208358328335
144,0.609101220584513,0.03739252149570086
145,-0.12859789755145096,0.6280743851229754
146,0.4164640194517695,0.16296740651869626
147,0.38912176483713945,0.046790641871625675
148,0.35945318969078477,0.08858228354329134
149,-0.07997085258612353,0.6334733053389322
150,-0.23588863420700967,0.20055988802239552
151,0.17264271885885002,0.4993001399720056
152,0.29470834475774954,0.19376124775044992
153,-0.2234517187689554,0.11497700459908018
154,-0.11817782461533208,0.6342731453709258
155,-0.28918007358766373,0.13977204559088183
156,-0.46100990659075186,0.0613877224555089
157,-0.06230571710151382,0.8092381523695261
158,-0.2783338630063422,0.27994401119776047
159,-0.429671341547701,0.10357928414317137
160,-0.279490396818423,0.22095580883823235
161,0.08523241693376642,0.7550489902019596
162,0.08177246099084133,0.7376524695060988
163,0.002941609792940646,0.9894021195760848
164,-0.21417152949226562,0.34313137372525493
165,-0.343355791188562,0.19536092781443712
166,-0.0973025755412678,0.6582683463307338
167,-0.13122839838826933,0.5728854229154169
168,-0.06371021912230904,0.7990401919616077
169,0.09845332691816155,0.6598680263947211
170,0.3607645673047829,0.15376924615076984
171,-0.07758143103278,0.7806438712257548
172,0.27791301388548184,0.1959608078384323
173,-0.01400805239089108,0.966006798640272
174,-0.11953132289314314,0.6062787442511498
175,0.008779249898168407,0.9664067186562687
176,-0.12217668433908731,0.6116776644671066
177,-0.09514776134562258,0.7116576684663067
178,-0.3151950172419408,0.15296940611877624
179,-0.0010611195512932436,0.9956008798240352
180,-0.025411424933130606,0.9184163167366527
181,0.045403243647228385,0.860627874425115
182,0.23882544788502774,0.3677264547090582
183,-0.0679583532666808,0.8044391121775645
184,-0.2409238190457493,0.33993201359728054
185,-0.0786600320942628,0.7106578684263147
186,0.06362808989899053,0.7610477904419116
187,0.0932949442287628,0.7500499900019996
188,-0.14240475960364835,0.4389122175564887
189,-0.20624793273403372,0.3723255348930214
190,-0.27477308635485914,0.20515896820635873
191,-0.14239740352336697,0.5096980603879224
192,0.03460958004745843,0.8810237952409518
193,-0.14739100116457554,0.531493701259748
194,-0.27961582096450455,0.21775644871025795
195,0.3174941606685594,0.22335532893421317
196,-0.0676181828758479,0.7828434313137372
197,-0.1085054077045881,0.6614677064587082
198,-0.32259642399546806,0.15756848630273945
199,-0.334617733474773,0.21195760847830433
200,-0.6264781686667437,0.016596680663867228
201,0.027017051038365252,0.9124175164967007
202,-0.2698998688198192,0.33193361327734455
203,-0.1298186862890493,0.4917016596680664
204,-0.382446745170568,0.13197360527894422
205,-0.1687329598102443,0.5154969006198761
206,0.029172239631267582,0.8898220355928814
207,-0.11727950729321593,0.6716656668666267
208,-0.22767008322977517,0.1767646470705859
209,-0.5652330034377433,0.01999600079984003
210,-0.3340366561396122,0.14897020595880825
211,-0.32031875069291404,0.15036992601479704
212,-0.17801373921129166,0.5268946210757849
213,0.05560027679491529,0.8390321935612878
214,0.031459147166184705,0.9122175564887023
215,-0.2651835781702096,0.3219356128774245
216,-0.06609189194685523,0.8320335932813437
217,0.044537393279646405,0.8688262347530494
218,-0.12641428929462084,0.5608878224355129
219,-0.1924617310893083,0.4471105778844231
220,0.20035029332162718,0.42751449710057987
221,0.06403148979958827,0.7818436312737452
222,0.37368757823192744,0.16416716656668667
223,0.11652280989378472,0.6390721855628875
224,0.03159764732377932,0.9020195960807839
225,0.16662501538635538,0.484503099380124
226,-0.300085336725571,0.29214157168566285
227,-0.05611965145248018,0.8252349530093981
228,0.22030450494144987,0.29454109178164367
229,-0.15290578196296473,0.5200959808038392
230,-0.14330550804252498,0.5588882223555289
231,0.021935128164339013,0.9132173565286943
232,-0.3895719106494261,0.13997200559888023
233,-0.55014270256271,0.04619076184763048
234,-0.47162021984024005,0.017996400719856028
235,-0.05168216531555212,0.8528294341131774
236,-0.0862268283409588,0.738252349530094
237,-0.09217050102027043,0.6012797440511898
238,0.08416996443305831,0.7134573085382924
239,0.04381578249432495,0.8824235152969406
240,-0.3325367401735633,0.1349730053989202
241,-0.3645412294939351,0.1837632473505299
242,-0.2133524274954488,0.37252549490101977
243,-0.6687994887000672,0.01839632073585283
244,-0.31057798077745197,0.22715456908618276
245,-0.19792662972887634,0.47750449910017995
246,-0.02226674573592289,0.9290141971605679
247,0.15808352026366462,0.5400919816036792
248,0.08366724121077339,0.7848430313937212
249,-0.12418251426931452,0.6264747050589882
250,-0.152860594701008,0.525494901019796
251,-0.2110189711431138,0.3635272945410918
252,-0.08162588553691799,0.6986602679464107
253,-0.642774176696084,0.004199160167966407
254,0.0504731959057277,0.8420315936812638
255,-0.42966844148821454,0.05378924215156969
256,-0.5860467993645316,0.0011997600479904018
257,-0.1859145469857581,0.5476904619076185
258,-0.5628104405070804,0.04359128174365127
259,-0.17400936090873562,0.40431913617276544
260,-0.3180045867226685,0.09938012397520496
261,-0.3795590311574846,0.21595680863827235
262,-0.6039436865302896,0.027194561087782444
263,-0.5620685960220939,0.012997400519896021
264,-0.15638681499804052,0.47390521895620874
265,-0.43048587713900704,0.036392721455708855
266,-0.327526063453823,0.22635472905418916
267,-0.651262019789659,0.017996400719856028
268,-0.5724136477127506,0.0061987602479504095
269,0.10460743001829073,0.642871425714857
270,-0.18586233653645234,0.5216956608678265
271,-0.5697393854547252,0.016396720655868825
272,-0.31533243643990433,0.09678064387122576
273,0.2775160789075608,0.1905618876224755
274,-0.1205076922539912,0.6628674265146971
275,-0.4826173852417213,0.0669866026794641
276,0.028861336417229832,0.9048190361927615
277,-0.5785857953979471,0.014597080583883223
278,-0.17986653952723317,0.4451109778044391
279,0.20455564889680994,0.28494301139772044
280,-0.279422681870604,0.3593281343731254
281,0.10224344531705871,0.5940811837632474
282,0.08661202965630359,0.7650469906018796
283,0.2047644393247881,0.48730253949210156
284,0.021885065270323367,0.9202159568086383
285,-0.285668696890841,0.15756848630273945
286,-0.15443332578872057,0.39832033593281346
287,-0.05628688596194366,0.8310337932413517
288,-0.3968214596995655,0.14577084583083383
289,-0.05419302689800574,0.8524295140971806
290,-0.44754051248660487,0.09738052389522095
291,-0.3334089255811842,0.1773645270945811
292,-0.09984398932412666,0.7528494301139772
293,0.1643064498966446,0.5536892621475705
294,-0.34285567547125234,0.27834433113377327
295,-0.5026650365082757,0.09278144371125775
296,-0.18963047295670551,0.4443111377724455
297,-0.5357621787997849,0.03139372125574885
298,-0.08948717726904223,0.7232553489302139
299,-0.22380720651228034,0.4787042591481704
300,-0.042264615822901,0.8388322335532894
301,-0.19258909801971452,0.3827234553089382
302,-0.23540329187957892,0.2563487302539492
303,0.08383165869048462,0.6386722655468906
304,-0.5702765145650176,0.02959408118376325
305,-0.1411816173416138,0.5296940611877624
306,0.06273027422167701,0.8240351929614077
307,-0.08190033594612435,0.7466506698660268
308,0.018952571369285808,0.9300139972005599
309,-0.16453861821704532,0.35592881423715256
310,-0.1329416657379487,0.6314737052589482
311,-0.37183595496363103,0.2689462107578484
312,0.035435363993128535,0.8754249150169966
313,-0.05864846131102384,0.8212357528494301
314,-0.11256675700949029,0.6292741451709658
315,-0.5774699605481965,0.007798440311937612
316,-0.42263347049287264,0.08058388322335533
317,-0.4467684690947723,0.04599080183963208
318,0.24390566176126977,0.3327334533093381
319,0.026122832067999535,0.9256148770245951
320,0.17709655706508193,0.5552889422115577
321,-0.046570939454007046,0.8702259548090382
322,-0.08587933800059548,0.7746450709858028
323,-0.11175832789181003,0.7304539092181563
324,-0.34324708814837607,0.16116776644671066
325,0.1332514742804577,0.6246750649870026
326,-0.20372584129510574,0.485502899420116
327,-0.026647055828746186,0.9260147970405919
328,-0.19258215627650105,0.3623275344931014
329,0.10510898238764015,0.6324735052989402
330,0.15762873881825099,0.5336932613477304
331,-0.1086508101903118,0.7202559488102379
332,-0.170876356526932,0.39732053589282146
333,-0.1086573355684902,0.670865826834633
334,-0.23198405272692005,0.2581483703259348
335,-0.37965693539837936,0.07098580283943211
336,-0.48769126899572496,0.033193361327734455
337,-0.2612121395547915,0.275744851029794
338,-0.1011369894491351,0.7214557088582284
339,-0.30487367901891993,0.259748050389922
340,-0.10500605962848904,0.7098580283943211
341,-0.21485230152506118,0.2469506098780244
342,-0.4137060147518314,0.09258148370325935
343,-0.4280685060374002,0.09818036392721456
344,-0.497408403749076,0.08878224355128975
345,-0.2537595659320685,0.26374725054989
346,-0.00041806829457569084,0.9992001599680064
347,-0.045472531876381596,0.8642271545690862
348,-0.3978008663671641,0.04899020195960808
349,0.01693342465531105,0.9352129574085183
350,0.28179025531670454,0.27534493101379726
351,-0.09587115842079419,0.6704659068186363
352,-0.13519334171830305,0.6116776644671066
353,-0.5746785817623736,0.035992801439712056
354,-0.4210730897189817,0.07178564287142572
355,0.2853136129656637,0.27794441111777646
356,-0.1828017383314561,0.4881023795240952
357,-0.08865959243549151,0.7314537092581483
358,0.09605463051613672,0.615876824635073
359,0.08385238389552006,0.734253149370126
360,0.1771772659518081,0.5508898220355929
361,-0.22640213233054624,0.22395520895820836
362,0.4774704782127759,0.04259148170365927
363,0.02848191534152477,0.901619676064787
364,-0.011429322659339238,0.9310137972405519
365,-0.05309740936068642,0.8226354729054189
366,-0.3255129232247552,0.07318536292741452
367,-0.1085032996399354,0.5300939812037593
368,0.06204011860623134,0.7884423115376925
369,-0.168721420279874,0.4309138172365527
370,-0.0787647218392334,0.745250949810038
371,-0.14113663670333776,0.6474705058988203
372,-0.06928054485419732,0.7690461907618477
373,0.10978809560850492,0.6778644271145771
374,-0.42128193833410627,0.0639872025594881
375,0.01905589131705791,0.9370125974805039
376,-0.16940785107094017,0.45350929814037194
377,-0.3257527383274872,0.09898020395920816
378,0.1533832778968607,0.40571885622875425
379,0.08233375030428439,0.8182363527294542
380,0.019177100446235572,0.9410117976404719
381,-0.029907422165746912,0.8758248350329934
382,0.41892142664557486,0.07398520295940812
383,0.09041551647010462,0.753249350129974
384,-0.07466784288730222,0.7526494701059788
385,0.10689635356059561,0.6164767046590682
386,0.23333630547622147,0.36052789442111577
387,-0.30997827809058415,0.132373525294941
388,-0.15528362874292895,0.5546890621875625
389,-0.33530763566975913,0.15496900619876025
390,-0.35989907319321696,0.08478304339132174
391,-0.28360700956708496,0.16856628674265148
392,-0.15209703233474273,0.520495900819836
393,-0.2864875289202552,0.23595280943811237
394,-0.10729138344232211,0.625874825034993
395,-0.3681572822816228,0.11337732453509299
396,0.18025365610269733,0.5486902619476105
397,-0.1294302625314906,0.5996800639872025
398,-0.05999024011837356,0.710257948410318
399,-0.2938555521953643,0.1985602879424115
400,-0.45894612694787895,0.04599080183963208
401,-0.30096157544402247,0.027794441111777646
402,-0.21604620390395288,0.45510897820435914
403,-0.1400011124401787,0.5708858228354329
404,-0.025008618978990815,0.9164167166566687
405,0.12045730887637825,0.6534693061387723
406,0.06856210153147302,0.788242351529694
407,0.40045924139986233,0.15396920615876825
408,-0.1684387910897526,0.48270345930813835
409,-0.15780586097186305,0.5384923015396921
410,0.006788294467475772,0.9828034393121375
411,0.012525944974685893,0.9508098380323935
412,-0.1692291585164935,0.41991601679664065
413,-0.06834887949064154,0.7476504699060188
414,-0.38010417319635686,0.13017396520695862
415,-0.20471751020938167,0.3385322935412917
416,0.0409688293003867,0.8762247550489902
417,-0.679843576879159,0.009398120375924815
418,0.26451696301424565,0.4153169366126775
419,-0.16279693464815875,0.5438912217556489
420,-0.06952796390217783,0.7484503099380124
421,-0.2670197646119165,0.20315936812637472
422,-0.4955732119277235,0.09658068386322735
423,-0.17782758271936389,0.48630273945210956
424,-0.21396197468722394,0.35452909418116374
425,0.15675629554262502,0.5768846230753849
426,0.25598299456083057,0.28474305138972206
427,-0.31414209745629307,0.2989402119576085
428,0.019473133758577038,0.9384123175364927
429,-0.23929710440452245,0.33213357328534293
430,0.2221195229712789,0.3955208958208358
431,0.21754624346330126,0.40331933613277343
432,-0.20705779387320605,0.28754249150169964
433,0.13441362926144257,0.5492901419716056
434,-0.09073658715020974,0.7146570685862828
435,0.0502365463845886,0.8280343931213757
436,0.6342645762714456,0.005598880223955209
437,-0.043190126759146186,0.876624675064987
438,0.1421521781891717,0.598880223955209
439,-0.2591527791222189,0.21615676864627076
440,-0.057072399499338775,0.7674465106978604
441,0.01046936072954679,0.9666066786642672
442,-0.006709040038104863,0.9816036792641472
443,-0.3346071714206991,0.04019196160767846
444,-0.22420867922987459,0.3033393321335733
445,0.019366431533273065,0.9372125574885023
446,-0.5838660552586128,0.009198160367926415
447,0.22373756402975298,0.47170565886822635
448,0.3707128715371075,0.15316936612677465
449,-0.4440217762093067,0.09978004399120176
450,0.0658384381716912,0.7720455908818237
451,-0.3346140183902061,0.23515296940611877
452,-0.11415159349669327,0.5742851429714058
453,0.021763518712593754,0.9088182363527294
454,0.010768488758294597,0.9624075184963007
455,-0.2029326153657441,0.3715256948610278
456,-0.5935693348701879,0.005198960207958408
457,-0.09622069390952537,0.7226554689062188
458,-0.016059043247720242,0.9476104779044191
459,-0.42806489160905603,0.10557888422315537
460,0.014864402989892883,0.9568086382723455
461,-0.1088266491985348,0.6590681863627275
462,-0.09663971526005581,0.6446710657868426
463,-0.02071223726456961,0.9436112777444511
464,0.02099609888060466,0.9446110777844431
465,-0.10200595353560157,0.6792641471705659
466,-0.22192659804354725,0.2903419316136773
467,-0.10043939827960849,0.6620675864827035
468,0.08844714587042193,0.7776444711057788
469,0.1739122862929337,0.4569086182763447
470,0.0031491742854677803,0.9886022795440912
471,-0.265620259510028,0.28474305138972206
472,-0.34183054295455007,0.15656868626274745
473,0.061223661418077266,0.7776444711057788
474,-0.17612945513703787,0.40771845630873826
475,-0.08815670560681654,0.6834633073385323
476,0.07267667746778136,0.737252549490102
477,0.007965755347894015,0.9718056388722256
478,-0.35878168207807976,0.2439512097580484
479,0.07720846005931958,0.7574485102979404
480,0.04524299872887895,0.8154369126174765
481,0.06466437849007542,0.8026394721055788
482,0.16622254641064269,0.5596880623875224
483,-0.05879526324432831,0.8028394321135773
484,-0.05412527443091812,0.8490301939612077
485,-0.2554166441061301,0.2927414517096581
486,-0.327234043312013,0.11597680463907219
487,0.09296922286646006,0.7084583083383323
488,-0.15623017195510194,0.5490901819636073
489,-0.07020195916112992,0.7616476704659069
490,0.10926733319093536,0.6660667866426715
491,0.10615664362880206,0.620875824835033
492,0.025766941984912528,0.9108178364327134
493,-0.10145104749650269,0.7188562287542491
494,-0.360175541686062,0.22195560887822435
495,-0.3448194524584806,0.27274545090981805
496,0.07126315098927088,0.7690461907618477
497,0.1499574022753903,0.5028994201159768
498,-0.23419651705182926,0.40091981603679266
499,-0.18575488288118622,0.4425114977004599
